"id","userId","password","name","mail","remark"
"34","pactango","Pass1234","name","mail@gmail.com","text"
"33","pac","Pass1234","tango","tango@mail.com","texxt"
"32","t-tango","Pass1234","taichi","taichi@gmail.com","bikooo"
"31","tester1","Passss1234","tester","mail@gmail.com","teeext"
"30","tester2","Passss1234","tester","mail@gmail.com","teeext"
"28","tester12","Passss1234","tester","mail@gmail.com","teeext"
"27","tester120","Passss1234","tester","mail@gmail.com","teeext"
"26","tester20","Passss1234","tester","mail@gmail.com","teeext"
"25","tester20","Passss1234","tester","mail@gmail.com","teeext"
"24","tester120","Passss1234","tester","mail@gmail.com","teeext"
"23","tester19","Passss1234","tester","mail@gmail.com","teeext"
"22","tester119","Passss1234","tester","mail@gmail.com","teeext"
"21","tester18","Passss1234","tester","mail@gmail.com","teeext"
"20","tester17","Passss1234","tester","mail@gmail.com","teeext"
"19","tester16","Passss1234","tester","mail@gmail.com","teeext"
"18","tester15","Passss1234","tester","mail@gmail.com","teeext"
"17","tester14","Passss1234","tester","mail@gmail.com","teeext"
"16","tester13","Passss1234","tester","mail@gmail.com","teeext"
"15","tester12","Passss1234","tester","mail@gmail.com","teeext"
"14","tester11","Passss1234","tester","mail@gmail.com","teeext"
"13","tester10","Passss1234","tester","mail@gmail.com","teeext"
"12","tester9","Passss1234","tester","mail@gmail.com","teeext"
"11","tester8","Passss1234","tester","mail@gmail.com","teeext"
"10","tester7","Passss1234","tester","mail@gmail.com","teeext"
"9","tester6","Passss1234","tester","mail@gmail.com","teeext"
"8","tester5","Passss1234","tester","mail@gmail.com","teeext"
"7","tester4","Passss1234","tester","mail@gmail.com","teeext"
"6","tester3","Passss1234","tester","mail@gmail.com","teeext"
"5","tester2","Passss1234","tester","mail@gmail.com","teeext"
"4","tester1","Passss1234","tester1","mail@gmail.com","teeext"
"3","tester1","Passsssss1234","????","mail@gmail.com","????"
"2","Tamitami","Pactamitami000","??","tami@gmail.com","??????"
"1","Tango","1221","Tango Taichi","","bbb"
