id,userId,password,name,mail,remark
1,2,test,test,,
12,22,test2,test2,,
13,345,maaaaaaaaaa,test3,mmmmmmmmmmm,tttttttttttttt
14,Goooooooooooood,test4,test4,mail,tttttttttttttt
15,ygjhfg,pass,Tango,adress,memo
16,yty,password,name,mail,remark
17,sdf,password,name,mail,remark
18,gdf,password,name,mail,remark
19,wer,password,name,mail,remark
20,erw,passssssss,nameeeeee,mailllllll,remarkkkkkkkk
21,vxc,password,name,mail,remark
22,fsD,password,name,mail,remark
23,grfg,password,name,mail,remark
24,fdf,password,name,mail,remark
25,wwer,password,name,mail,remark
26,6556,password,name,mail,remark
27,fsf,password,name,mail,remark
28,y6,password,name,mail,remark
29,ter,password,name,mail,remark
30,dcfs,password,name,mail,remark
31,fasd,password,name,mail,remark
32,gr,password,name,mail,remark
33,sdfe,password,name,mail,remark
34,czxc,password,name,mail,remark
35,zxc,password,name,mail,remark
36,vsvd,password,name,mail,remark
37,khjk,password,name,mail,remark
38,jh,password,name,mail,remark
39,",nm",password,name,mail,remark
40,khuky,password,name,mail,remark
41,9uyoy,password,name,mail,remark
42,rstyustryu,password,name,mail,remark
43,,1111,taichan,mail@gmail.com,memomemo
44,,secret,hogehoge,mail.co.jp,texxxxt
45,tetete,asjhdfku,hjkhjk,kjhjk,kjhjk
46,tango,yausda,hkuh,khkh,kjhkj
,mieruka,1,2,3,4
,CR,1,2,3,4
,Talent,1,2,3,4
